production_cost,,STDEV(A2:A41),195.0337,
601,,AVERAGE(A2:A41),429.55,
627,,,,
330,,COUNT(A2:A41),40,n
364,,SQRT(num),6.32455532,
562,,,,
353,,,,
583,,,,
254,,3.841459149,"CHIINV(0.05,3)",
528,,0.059916592,,
470,,,,
125,,,,
60,,,,
101,,,,
110,,,,
60,,,,
252,,,,
281,,,,
227,,,,
484,,,,
402,,,,
408,,,,
601,,,,
593,,,,
729,,,,
402,,,,
530,,,,
708,,,,
599,,,,
439,,,,
762,,,,
292,,,,
636,,,,
444,,,,
286,,,,
636,,,,
667,,,,
252,,,,
335,,,,
457,,,,
632,,,,
